﻿<?xml version="1.0" encoding="UTF-8"?>
<shape xmlns:android="http://schemas.android.com/apk/res/android">
  <solid android:color="#ffffffff"/>
  <stroke android:width="1dp" android:color="#B1BCBE" />
  <corners android:radius="4dp" />
  <item name="android:shadowColor">#3b0b304d</item>
  <!-- TextView shadow offsets do not respect scale. -->
  <item name="android:shadowDx">0</item>
  <item name="android:shadowDy">4</item>
  <padding android:left="0dp" android:top="0dp" android:right="0dp" android:bottom="0dp" />
</shape>