﻿<?xml version="1.0" encoding="utf-8" ?>
<selector xmlns:android="http://schemas.android.com/apk/res/android">
  <item android:state_pressed="true" android:drawable="@color/colorNavItemBg"/>
  <item android:state_checked="true" android:drawable="@color/colorNavItemBg"/>
  <item android:state_checked="true" android:bottom="1dp">
    <shape android:shape="rectangle">
      <solid android:color="@color/colorAction" />
      <size android:height="1dp"/>
    </shape>
  </item>
  <item android:drawable="@android:color/white"/>
</selector>