{
  "project_info": {
    "project_number": "794170316491",
    "firebase_url": "https://wels-tell-app.firebaseio.com",
    "project_id": "wels-tell-app",
    "storage_bucket": "wels-tell-app.appspot.com"
  },
  "client": [
    {
      "client_info": {
        "mobilesdk_app_id": "1:794170316491:android:4be28f824440677c",
        "android_client_info": {
          "package_name": "com.WELS.Tell"
        }
      },
      "oauth_client": [
        {
          "client_id": "794170316491-r7g99lgf1prtuct4cb8og1n19stae421.apps.googleusercontent.com",
          "client_type": 3
        }
      ],
      "api_key": [
        {
          "current_key": "AIzaSyBr_KCMex1PBUK2FLI68AhUCXEU8E4qCs4"
        }
      ],
      "services": {
        "appinvite_service": {
          "other_platform_oauth_client": [
            {
              "client_id": "794170316491-r7g99lgf1prtuct4cb8og1n19stae421.apps.googleusercontent.com",
              "client_type": 3
            }
          ]
        }
      }
    }
  ],
  "configuration_version": "1"
}