<?xml version="1.0" encoding="utf-8"?>
<resources>
  <color name="colorPrimary">#FFDE2F</color>
  <color name="colorPrimaryDark">#F6D063</color>
  <color name="colorAccent0">#ffffde2f</color>
  <color name="colorAccent1">#fff7941e</color>
  <color name="colorAccent2">#ffb53b1b</color>
  <color name="colorAccent3">#ff9d0b73</color>
  <color name="colorAccent4">#ff63127b</color>
  <color name="colorAction">#1C75BC</color>
  <color name="colorActionDark">#16609B</color>
  <color name="colorDisabled">#707070</color>
  <color name="colorSuccess">#ff31872d</color>
  <color name="colorSuccessMuted">#ffdfecde</color>
  <color name="colorFailure">#4E4E4E</color>
  <color name="colorGrayHighlight">#ffefeeed</color>
  <color name="colorHeavyGrayHighlight">#ff4e4e4e</color>
  <color name="colorTextOnPrimary">#0b304d</color>
  <color name="colorNavItemBg">#ffeff4f8</color>
  <color name="colorDrawerBg">#ff0b304d</color>
  <color name="colorAccountText">#ff48596c</color>
  <color name="colorWhatsApp">#1ebea5</color>
  <color name="colorWhatsAppDark">#168e7b</color>
</resources>
