<resources>
  <!-- Settings -->
  <string name="app_name">Tell</string>
  <string name="app_name_es">Academia Cristo</string>
  <string name="facebook_app_id">2149559461758921</string>
  <string name="fb_login_protocol_scheme">fb766833923700044</string>
  <string name="facebook_app_id_es">244363673216387</string>
  <string name="fb_login_protocol_scheme_es">fb244363673216387</string>
  <string name="account_source">TELL App</string>
  <string name="account_source_es">AC App</string>

  <!-- Loading -->
  <string name="loading_message">Loading, thank you for being patient.</string>

  <!-- Welcome Video -->
  <string name="welcome_video_title">Welcome!</string>
  <string name="welcome_video_intro">We’re excited to help you learn more about your Savior.</string>

  <!-- Onboarding -->
  <string name="onboarding_watch">Watch the short video above, then click \'Next\' when you\'re done.</string>
  
  <!-- Navigation -->
  <string name="title_courses">Courses</string>
  <string name="title_profile">Account</string>
  <string name="title_menu">More</string>

  <string name="title_contact">Contact TELL</string>
  <string name="title_website">Visit TELL Website</string>
  <string name="title_facebook"></string>
  <string name="title_share">Share this App</string>
  <string name="title_youtube">YouTube</string>
  <string name="title_instagram">Instagram</string>
  <string name="title_email">Email</string>
  <string name="title_whatsapp">WhatsApp</string>
  <string name="nav_contact_link">https://tellnetwork.org/#contact</string>
  <string name="nav_website_link">https://tellnetwork.org/</string>
  <string name="nav_facebook_link"></string>
  <string name="nav_share_link">https://play.google.com/store/apps/details?id=com.tellnetwork.tell</string>
  <string name="nav_youtube_link">https://www.youtube.com/channel/UCzX09IJck8-PTIJDMp7MH9g</string>
  <string name="nav_instagram_link">https://www.instagram.com/tell_realgospeltraining/</string>
  <string name="nav_email_link">mailto:ask@tellnetwork.org</string>
  <string name="nav_whatsapp_link">https://wa.me/15129832204</string>
  <string name="nav_link_copied">Link copied!</string>
  
  <!-- Language confirmation -->
  <string name="language_confirm">CONFIRM YOUR LANGUAGE</string>
  <string name="language_downloaded">You downloaded the {0} version of this app.</string>
  <string name="language_button_proceed">Proceed with {0}</string>
  <string name="language_button_proceed_with_this_language">Proceed with this language.</string>
  <string name="language_button_select_other">Select a Different Language</string>
  
  <!-- Login activity -->
  <string name="button_yes">Yes</string>
  <string name="button_no">No</string>
  <string name="button_next">Next</string>
  <string name="button_continue_with_facebook">Log In With Facebook</string>
  <string name="no_facebook_account">Don’t have a Facebook account?</string>
  <string name="no_facebook_account_details">We’re sorry, but at this time we’re only accepting registration through a Facebook account. We’re working on providing other options.</string>
  <string name="button_continue_with_whatsapp">Log In With WhatsApp</string>
  <string name="button_whatsapp_verify">Send Verification Code</string>
  <string name="button_verify">Verify Code</string>
  <string name="enter_full_name">Your Name</string>
  <string name="enter_whatsapp_number">Enter your WhatsApp number with your country code to receive your verification code.</string>
  <string name="error_whatsapp_fields_required">All fields are required.</string>
  <string name="enter_verification_code">Enter the verification code you received.</string>
  <string name="error_invalid_whatsapp_code">Invalid WhatsApp verification code.  Please try again.</string>
  
  <!-- Onboarding -->
  <string name="onboarding_title">Welcome!</string>
  <string name="onboarding_intro">Before we get started, tell us more about yourself.</string>
  
  <!-- Onboarding Finish -->
  <string name="onboarding_finish_title">Thanks!</string>
  <string name="onboarding_finish_intro">Now, allow us to share with you what we\'re about:</string>

  <!-- Courses Listing -->
  <string name="courses_welcome">Welcome.</string>
  <string name="courses_headline">Congratulations for taking these first steps toward truth!</string>
  <string name="courses_up_next">Up Next:</string>
  <string name="courses_completed">Completed:</string>
  
  <!-- Courses Listing: Individual Course Card -->
  <string name="course_card_course_number">Course {0}</string>
  <string name="course_card_lesson_count">{0} Lessons</string>
  <string name="course_card_start_lesson">Start the Lesson</string>
  
  <!-- Course Page -->
  <string name="course_page_course_number">COURSE {0}</string>
  <string name="course_page_lesson_count_and_timing">{0} Lessons | {1}</string>
  <string name="course_page_up_next">Up Next</string>
  <string name="course_page_completed">Completed</string>
  
  <!-- Course Page: Individual Lesson Card -->
  <string name="lesson_card_lesson_number">Lesson {0}</string>
  <string name="lesson_card_take_quiz">Take the Quiz</string>
  
  <!-- Quiz -->
  <string name="quiz_heading">Quiz</string>
  <string name="quiz_grouping_evaluate">EVALUATE</string>
  <string name="quiz_grouping_learn">LEARN</string>
  <string name="quiz_textbox_hint">Type your answer...</string>
  <string name="quiz_check_answer">Check My Answer</string>
  <string name="quiz_incorrect">Incorrect. The correct answer is {0}.</string>
  <string name="quiz_correct">Correct!</string>
  <string name="quiz_continue">Continue</string>
  <string name="quiz_no_answer_selected">Please select an option.</string>
  <string name="quiz_your_answer">Your Answer:</string>
  <string name="quiz_our_answer">Our Answer:</string>
  <string name="quiz_check_the_box">Please check the box to continue.</string>
  
  <!-- Quiz Completion -->
  <string name="quiz_end_congrats">Well done.  You\'ve successfully completed lesson {0}!</string>
  <string name="quiz_end_next">Start Lesson {0}</string>
  <string name="quiz_end_back">Continue</string>
  
  <!-- All Courses Completion -->
  <string name="course_end_congrats">Congratulations! You have completed the three beginner courses.</string>
  <string name="course_end_summary">{2} you are ready to continue learning in a live, online class.  Join with other TELL graduates and sign up with a TELL instructor today.</string>
  <string name="course_end_question"></string>
  <string name="course_end_proceed"></string>
  <string name="course_end_sign_up">Sign Up Now!</string>
  <string name="course_end_no_thanks">No thanks, back to all courses</string>
  <string name="course_end_sign_up_link">https://tellnetwork.org/register/</string>
  
  <!-- Account -->
  <string name="account_header">Your Account</string>
  <string name="account_name_label">NAME</string>
  <string name="account_joined_label">JOINED</string>
  <string name="account_number_label">WHATSAPP NUMBER</string>
  <string name="account_prefs_label">NOTIFICATION PREFERENCES</string>
  <string name="account_push_label">Allow Push Notifications</string>
  <string name="account_push_description">Automated messages, about new content &amp; personal encouragement.</string>
  <string name="account_text_label">Allow Text Reminders</string>
  <string name="account_text_description">Automated messages, about new content &amp; personal encouragement.</string>
  <string name="account_log_out">Log Out</string>
  
  <!-- Handled Error Messages -->
  <string name="error_missing_languages">There was an issue determining the available languages.  Please try again later.</string>
  <string name="error_missing_courses">There are currently no courses for the current language.  Please try again later.</string>
  <string name="error_internet_title">Network Error</string>
  <string name="error_internet_description">You must be connected to the network in order to continue.  Verify that you are connected to the internet, and then click Retry.</string>
  <string name="error_internet_retry">Retry</string>

  <!-- Registration -->
  <string name="register_title">Register</string>
  <string name="register_message">You and other students will study God\'s Word together in a live video classroom led by a TELL Pastor.  We look forward to meeting you, {0}.</string>
  <string name="register_post_url">https://tellnetwork.org/register/registerform</string>
  <string name="register_source">TELL Android App</string>
  <string name="register_fullname">Full Name</string>
  <string name="register_city">City</string>
  <string name="register_country">Country</string>
  <string name="register_facebook_username">Facebook Username (Found in settings)</string>
  <string name="register_whatsapp_number">WhatsApp Number</string>
  <string name="register_finished_beginner_courses">Have you finished the three beginner video courses? (You must finish before joining a group)</string>
  <string name="register_local_church">Do you have a local church or Christian community?</string>
  <string name="register_tell_training">Do you want TELL training to lead your own local group for Bible study?</string>
  <string name="register_comments">Tell us more about yourself</string>
  <string name="register_button_text">Submit</string>
  <string name="register_thank_you_message">Thank you!</string>
  <string name="register_v_fullname">* Full Name is required</string>
  <string name="register_v_city">* City is required</string>
  <string name="register_v_country">* Country is required</string>
  <string name="register_v_facebook_username">* Facebook Username is required</string>
  <string name="register_v_finished_beginner_courses">* Answer to beginner video courses question is required</string>
  <string name="register_v_local_church">* Answer to local church question is required</string>
  <string name="register_v_tell_training">* Answer to TELL training question is required</string>
  <!-- SPANISH ONLY REGISTRATION PLACEHOLDERS -->
  <string name="register_firstname"></string>
  <string name="register_lastname"></string>
  <string name="register_phone_number"></string>
  <string name="register_contact_preference"></string>
  <string name="register_tell_us_about_yourself"></string>
  <string name="register_email"></string>
  <string name="register_share_the_word"></string>
  <string name="register_which_church"></string>
  <string name="register_data_privacy"></string>
  <string name="register_data_privacy_accept"></string>
  <string name="register_v_firstname"></string>
  <string name="register_v_lastname"></string>
  <string name="register_v_phone_number"></string>
  <string name="register_v_data_privacy"></string>
  <string-array name="country_codes">
    <item>Country</item>
    <item>Algeria (+213)</item>
    <item>Andorra (+376)</item>
    <item>Angola (+244)</item>
    <item>Anguilla (+1264)</item>
    <item>Antigua &amp; Barbuda (+1268)</item>
    <item>Argentina (+54)</item>
    <item>Armenia (+374)</item>
    <item>Aruba (+297)</item>
    <item>Australia (+61)</item>
    <item>Austria (+43)</item>
    <item>Azerbaijan (+994)</item>
    <item>Bahamas (+1242)</item>
    <item>Bahrain (+973)</item>
    <item>Bangladesh (+880)</item>
    <item>Barbados (+1246)</item>
    <item>Belarus (+375)</item>
    <item>Belgium (+32)</item>
    <item>Belize (+501)</item>
    <item>Benin (+229)</item>
    <item>Bermuda (+1441)</item>
    <item>Bhutan (+975)</item>
    <item>Bolivia (+591)</item>
    <item>Bosnia Herzegovina (+387)</item>
    <item>Botswana (+267)</item>
    <item>Brazil (+55)</item>
    <item>Brunei (+673)</item>
    <item>Bulgaria (+359)</item>
    <item>Burkina Faso (+226)</item>
    <item>Burundi (+257)</item>
    <item>Cambodia (+855)</item>
    <item>Cameroon (+237)</item>
    <item>Canada (+1)</item>
    <item>Cape Verde Islands (+238)</item>
    <item>Cayman Islands (+1345)</item>
    <item>Central African Republic (+236)</item>
    <item>Chile (+56)</item>
    <item>China (+86)</item>
    <item>Colombia (+57)</item>
    <item>Comoros (+269)</item>
    <item>Congo (+242)</item>
    <item>Cook Islands (+682)</item>
    <item>Costa Rica (+506)</item>
    <item>Croatia (+385)</item>
    <item>Cuba (+53)</item>
    <item>Cyprus North (+90392)</item>
    <item>Cyprus South (+357)</item>
    <item>Czech Republic (+42)</item>
    <item>Denmark (+45)</item>
    <item>Djibouti (+253)</item>
    <item>Dominica (+1809)</item>
    <item>Dominican Republic (+1809)</item>
    <item>Ecuador (+593)</item>
    <item>Egypt (+20)</item>
    <item>El Salvador (+503)</item>
    <item>Equatorial Guinea (+240)</item>
    <item>Eritrea (+291)</item>
    <item>Estonia (+372)</item>
    <item>Ethiopia (+251)</item>
    <item>Falkland Islands (+500)</item>
    <item>Faroe Islands (+298)</item>
    <item>Fiji (+679)</item>
    <item>Finland (+358)</item>
    <item>France (+33)</item>
    <item>French Guiana (+594)</item>
    <item>French Polynesia (+689)</item>
    <item>Gabon (+241)</item>
    <item>Gambia (+220)</item>
    <item>Georgia (+7880)</item>
    <item>Germany (+49)</item>
    <item>Ghana (+233)</item>
    <item>Gibraltar (+350)</item>
    <item>Greece (+30)</item>
    <item>Greenland (+299)</item>
    <item>Grenada (+1473)</item>
    <item>Guadeloupe (+590)</item>
    <item>Guam (+671)</item>
    <item>Guatemala (+502)</item>
    <item>Guinea (+224)</item>
    <item>Guinea - Bissau (+245)</item>
    <item>Guyana (+592)</item>
    <item>Haiti (+509)</item>
    <item>Honduras (+504)</item>
    <item>Hong Kong (+852)</item>
    <item>Hungary (+36)</item>
    <item>Iceland (+354)</item>
    <item>India (+91)</item>
    <item>Indonesia (+62)</item>
    <item>Iran (+98)</item>
    <item>Iraq (+964)</item>
    <item>Ireland (+353)</item>
    <item>Israel (+972)</item>
    <item>Italy (+39)</item>
    <item>Jamaica (+1876)</item>
    <item>Japan (+81)</item>
    <item>Jordan (+962)</item>
    <item>Kazakhstan (+7)</item>
    <item>Kenya (+254)</item>
    <item>Kiribati (+686)</item>
    <item>Korea North (+850)</item>
    <item>Korea South (+82)</item>
    <item>Kuwait (+965)</item>
    <item>Kyrgyzstan (+996)</item>
    <item>Laos (+856)</item>
    <item>Latvia (+371)</item>
    <item>Lebanon (+961)</item>
    <item>Lesotho (+266)</item>
    <item>Liberia (+231)</item>
    <item>Libya (+218)</item>
    <item>Liechtenstein (+417)</item>
    <item>Lithuania (+370)</item>
    <item>Luxembourg (+352)</item>
    <item>Macao (+853)</item>
    <item>Macedonia (+389)</item>
    <item>Madagascar (+261)</item>
    <item>Malawi (+265)</item>
    <item>Malaysia (+60)</item>
    <item>Maldives (+960)</item>
    <item>Mali (+223)</item>
    <item>Malta (+356)</item>
    <item>Marshall Islands (+692)</item>
    <item>Martinique (+596)</item>
    <item>Mauritania (+222)</item>
    <item>Mayotte (+269)</item>
    <item>Mexico (+52)</item>
    <item>Micronesia (+691)</item>
    <item>Moldova (+373)</item>
    <item>Monaco (+377)</item>
    <item>Mongolia (+976)</item>
    <item>Montserrat (+1664)</item>
    <item>Morocco (+212)</item>
    <item>Mozambique (+258)</item>
    <item>Myanmar (+95)</item>
    <item>Namibia (+264)</item>
    <item>Nauru (+674)</item>
    <item>Nepal (+977)</item>
    <item>Netherlands (+31)</item>
    <item>New Caledonia (+687)</item>
    <item>New Zealand (+64)</item>
    <item>Nicaragua (+505)</item>
    <item>Niger (+227)</item>
    <item>Nigeria (+234)</item>
    <item>Niue (+683)</item>
    <item>Norfolk Islands (+672)</item>
    <item>Northern Marianas (+670)</item>
    <item>Norway (+47)</item>
    <item>Oman (+968)</item>
    <item>Palau (+680)</item>
    <item>Panama (+507)</item>
    <item>Papua New Guinea (+675)</item>
    <item>Paraguay (+595)</item>
    <item>Peru (+51)</item>
    <item>Philippines (+63)</item>
    <item>Poland (+48)</item>
    <item>Portugal (+351)</item>
    <item>Puerto Rico (+1787)</item>
    <item>Qatar (+974)</item>
    <item>Reunion (+262)</item>
    <item>Romania (+40)</item>
    <item>Russia (+7)</item>
    <item>Rwanda (+250)</item>
    <item>San Marino (+378)</item>
    <item>Sao Tome &amp; Principe (+239)</item>
    <item>Saudi Arabia (+966)</item>
    <item>Senegal (+221)</item>
    <item>Serbia (+381)</item>
    <item>Seychelles (+248)</item>
    <item>Sierra Leone (+232)</item>
    <item>Singapore (+65)</item>
    <item>Slovak Republic (+421)</item>
    <item>Slovenia (+386)</item>
    <item>Solomon Islands (+677)</item>
    <item>Somalia (+252)</item>
    <item>South Africa (+27)</item>
    <item>Spain (+34)</item>
    <item>Sri Lanka (+94)</item>
    <item>St. Helena (+290)</item>
    <item>St. Kitts (+1869)</item>
    <item>St. Lucia (+1758)</item>
    <item>Sudan (+249)</item>
    <item>Suriname (+597)</item>
    <item>Swaziland (+268)</item>
    <item>Sweden (+46)</item>
    <item>Switzerland (+41)</item>
    <item>Syria (+963)</item>
    <item>Taiwan (+886)</item>
    <item>Tajikstan (+7)</item>
    <item>Thailand (+66)</item>
    <item>Togo (+228)</item>
    <item>Tonga (+676)</item>
    <item>Trinidad &amp; Tobago (+1868)</item>
    <item>Tunisia (+216)</item>
    <item>Turkey (+90)</item>
    <item>Turkmenistan (+7)</item>
    <item>Turkmenistan (+993)</item>
    <item>Turks &amp; Caicos Islands (+1649)</item>
    <item>Tuvalu (+688)</item>
    <item>Uganda (+256)</item>
    <item>UK (+44)</item>
    <item>Ukraine (+380)</item>
    <item>United Arab Emirates (+971)</item>
    <item>Uruguay (+598)</item>
    <item>USA (+1)</item>
    <item>Uzbekistan (+7)</item>
    <item>Vanuatu (+678)</item>
    <item>Vatican City (+379)</item>
    <item>Venezuela (+58)</item>
    <item>Vietnam (+84)</item>
    <item>Virgin Islands - British (+1284)</item>
    <item>Virgin Islands - US (+1340)</item>
    <item>Wallis &amp; Futuna (+681)</item>
    <item>Yemen (North)(+969)</item>
    <item>Yemen (South)(+967)</item>
    <item>Zambia (+260)</item>
    <item>Zimbabwe (+263)</item>
  </string-array>
</resources>
