<resources>

  <!-- Base application theme. -->
  <style name="AppTheme" parent="Theme.AppCompat.Light.DarkActionBar">
      <!-- Customize your theme here. -->
      <item name="colorPrimary">@color/colorPrimary</item>
      <item name="colorPrimaryDark">@color/colorPrimaryDark</item>
      <item name="colorAccent">@color/colorAccent1</item>
  </style>

  <style name="AppTheme.NoActionBar" parent="Theme.AppCompat.Light.NoActionBar">
    <item name="windowActionBar">false</item>
    <item name="windowNoTitle">true</item>
    <item name="android:fontFamily">@font/muli</item>
  </style>

  <style name="PrimaryButton" parent="android:Widget.Button">
    <item name="android:background">@drawable/button_primary</item>
    <item name="android:minWidth">100dp</item>
    <item name="android:textSize">18sp</item>
    <item name="android:textAllCaps">false</item>
    <item name="android:textColor">@drawable/button_primary_color</item>
    <item name="android:fontFamily">@font/muli</item>
    <item name="android:textStyle">bold</item>
  </style>

  <style name="WhatsApp" parent="android:Widget.Button">
    <item name="android:background">@drawable/button_whatsapp</item>
    <item name="android:minWidth">100dp</item>
    <item name="android:textSize">18sp</item>
    <item name="android:textAllCaps">false</item>
    <item name="android:textColor">@drawable/button_primary_color</item>
    <item name="android:fontFamily">@font/muli</item>
    <item name="android:textStyle">bold</item>
  </style>

  <style name="OutlineButton" parent="android:Widget.Button">
    <item name="android:background">@drawable/button_outline</item>
    <item name="android:minWidth">100dp</item>
    <item name="android:textSize">18sp</item>
    <item name="android:textAllCaps">false</item>
    <item name="android:textColor">@drawable/button_outline_color</item>
    <item name="android:fontFamily">@font/muli</item>
    <item name="android:textStyle">bold</item>
  </style>
  
  <style name="SuccessButton" parent="android:Widget.Button">
    <item name="android:minWidth">100dp</item>
    <item name="android:textSize">18sp</item>
    <item name="android:textAllCaps">false</item>
    <item name="android:textColor">@color/colorSuccess</item>
    <item name="android:fontFamily">@font/muli</item>
    <item name="android:textStyle">bold</item>
  </style>

  <style name="LinkButton" parent="android:Widget.Button">
    <item name="android:background">@android:color/transparent</item>
    <item name="android:textSize">16sp</item>
    <item name="android:textAllCaps">false</item>
    <item name="android:textColor">@color/colorAction</item>
    <item name="android:fontFamily">@font/muli</item>
    <item name="android:textStyle">bold</item>
    <item name="android:padding">0dp</item>
    <item name="android:minHeight">0dp</item>
  </style>

  <style name="BottomNavigation">
    <item name="android:background">@android:color/white</item>
    <item name="itemBackground">@drawable/navigation_bar_item_bg</item>
    <item name="itemIconTint">@color/colorAction</item>
    <item name="itemTextColor">@color/colorAction</item>
    <!--
    <item name="paddingStart">@dimen/bottom_navigation_padding</item>
    <item name="paddingEnd">@dimen/bottom_navigation_padding</item>-->
  </style>

  <style name="DrawerNavigation">
    <item name="android:textSize">18sp</item>
    <item name="itemIconTint">@android:color/white</item>
    <item name="itemTextColor">@android:color/white</item>
  </style>

  <style name="HeaderText">
    <item name="android:textColor">@color/colorTextOnPrimary</item>
    <item name="android:textSize">22dp</item>
    <item name="android:textStyle">bold</item>
  </style>

  <style name="Text">
    <item name="android:textColor">@color/colorTextOnPrimary</item>
    <item name="android:textSize">16dp</item>
  </style>

  <style name="AccountLine">
    <item name="android:layout_width">0dp</item>
    <item name="android:layout_height">1dp</item>
    <item name="android:background">#ffdee5ec</item>
    <item name="android:layout_marginTop">20dp</item>
    <item name="android:layout_marginBottom">20dp</item>
  </style>

  <style name="RoundButton" parent="android:Widget.Button">
    <item name="android:minWidth">124dp</item>
    <item name="android:textSize">14sp</item>
    <item name="android:textAllCaps">True</item>
    <item name="android:textColor">#ff1c75bc</item>
    <item name="android:letterSpacing">1</item>
    <item name="android:background">@android:color/white</item>
    <item name="itemBackground">@drawable/button_round</item>
  </style>
  <style name="DropDownStyle" parent="android:Widget.TextView.SpinnerItem">
    <item name="android:textSize">18sp</item>
    <item name="android:textAllCaps">false</item>
    <item name="android:textColor">@drawable/button_outline_color</item>
    <item name="android:fontFamily">@font/muli</item>
    <item name="android:textStyle">bold</item>
  </style>

  <style name="DropDownItemStyle" parent="android:TextAppearance.Widget.TextView.SpinnerItem">
  </style>
</resources>
